{
  "id": "/subscriptions/19f99bf0-0bf8-4370-9107-99ece941224c/resourceGroups/passaia/providers/Microsoft.Resources/deployments/Microsoft.Web-WebApp-Portal-cfc225c8-934b",
  "name": "Microsoft.Web-WebApp-Portal-cfc225c8-934b",
  "type": "Microsoft.Resources/deployments",
  "tags": {
    "primaryResourceId": "/subscriptions/19f99bf0-0bf8-4370-9107-99ece941224c/resourcegroups/passaia/providers/Microsoft.Web/sites/aspnet-env-sample",
    "marketplaceItemId": "Microsoft.WebSite"
  },
  "properties": {
    "templateHash": "3507869378131688434",
    "parameters": {
      "subscriptionId": {
        "type": "String",
        "value": "19f99bf0-0bf8-4370-9107-99ece941224c"
      },
      "name": {
        "type": "String",
        "value": "aspnet-env-sample"
      },
      "location": {
        "type": "String",
        "value": "Brazil South"
      },
      "hostingEnvironment": {
        "type": "String",
        "value": ""
      },
      "hostingPlanName": {
        "type": "String",
        "value": "Basic"
      },
      "serverFarmResourceGroup": {
        "type": "String",
        "value": "passaia"
      },
      "alwaysOn": {
        "type": "Bool",
        "value": true
      },
      "sku": {
        "type": "String",
        "value": "PremiumV2"
      },
      "skuCode": {
        "type": "String",
        "value": "P1v2"
      },
      "workerSize": {
        "type": "String",
        "value": "3"
      },
      "workerSizeId": {
        "type": "String",
        "value": "3"
      },
      "numberOfWorkers": {
        "type": "String",
        "value": "1"
      },
      "linuxFxVersion": {
        "type": "String",
        "value": "DOTNETCORE|3.1"
      }
    },
    "mode": "Incremental",
    "debugSetting": {
      "detailLevel": "None"
    },
    "provisioningState": "Running",
    "timestamp": "2020-06-13T18:47:10.7273282Z",
    "duration": "PT4.4326915S",
    "correlationId": "6f284ba0-d117-4e3e-9585-0deb11924635",
    "providers": [
      {
        "namespace": "Microsoft.Web",
        "resourceTypes": [
          {
            "resourceType": "sites",
            "locations": [
              "brazilsouth"
            ]
          },
          {
            "resourceType": "serverfarms",
            "locations": [
              "brazilsouth"
            ]
          }
        ]
      }
    ],
    "dependencies": [
      {
        "dependsOn": [
          {
            "id": "/subscriptions/19f99bf0-0bf8-4370-9107-99ece941224c/resourceGroups/passaia/providers/Microsoft.Web/serverfarms/Basic",
            "resourceType": "Microsoft.Web/serverfarms",
            "resourceName": "Basic"
          }
        ],
        "id": "/subscriptions/19f99bf0-0bf8-4370-9107-99ece941224c/resourceGroups/passaia/providers/Microsoft.Web/sites/aspnet-env-sample",
        "resourceType": "Microsoft.Web/sites",
        "resourceName": "aspnet-env-sample"
      }
    ],
    "validationLevel": "Template"
  }
}